year,indicator,value
1960,agriculture_pct_gdp,41.7413351234112
1961,agriculture_pct_gdp,41.0924821982676
1962,agriculture_pct_gdp,39.0659687962891
1963,agriculture_pct_gdp,39.825351677532
1964,agriculture_pct_gdp,41.3437167110651
1965,agriculture_pct_gdp,39.3846972550148
1966,agriculture_pct_gdp,40.3516512369392
1967,agriculture_pct_gdp,42.7515580248472
1968,agriculture_pct_gdp,42.0860273767475
1969,agriculture_pct_gdp,41.5849235838776
1970,agriculture_pct_gdp,40.2896134622547
1971,agriculture_pct_gdp,38.6333911913009
1972,agriculture_pct_gdp,38.6268263019613
1973,agriculture_pct_gdp,41.6038246201552
1974,agriculture_pct_gdp,38.8780587034235
1975,agriculture_pct_gdp,35.9969148408834
1976,agriculture_pct_gdp,34.3120367117561
1977,agriculture_pct_gdp,35.777144264307
1978,agriculture_pct_gdp,34.2739627109778
1979,agriculture_pct_gdp,32.8255300200485
1980,agriculture_pct_gdp,34.4088678062413
1981,agriculture_pct_gdp,33.2976974188253
1982,agriculture_pct_gdp,32.3267496865056
1983,agriculture_pct_gdp,32.6065348775622
1984,agriculture_pct_gdp,31.3805304117853
1985,agriculture_pct_gdp,29.7181383564993
1986,agriculture_pct_gdp,28.6411462697276
1987,agriculture_pct_gdp,27.9723784011745
1988,agriculture_pct_gdp,28.7698223693608
1989,agriculture_pct_gdp,27.8396057996888
1990,agriculture_pct_gdp,27.5848881365411
1991,agriculture_pct_gdp,27.6627054102247
1992,agriculture_pct_gdp,26.8969194477949
1993,agriculture_pct_gdp,27.0545587671255
1994,agriculture_pct_gdp,26.519937575032
1995,agriculture_pct_gdp,24.4575477898552
1996,agriculture_pct_gdp,25.199306058679
1997,agriculture_pct_gdp,24.248674505748
1998,agriculture_pct_gdp,24.180451549085
1999,agriculture_pct_gdp,22.9725618865025
2000,agriculture_pct_gdp,21.6110620465121
2001,agriculture_pct_gdp,21.6188848861438
2002,agriculture_pct_gdp,19.5345432709546
2003,agriculture_pct_gdp,19.5919979784251
2004,agriculture_pct_gdp,17.8146906487994
2005,agriculture_pct_gdp,17.6202069548839
2006,agriculture_pct_gdp,16.8094420944381
2007,agriculture_pct_gdp,16.7501197597569
2008,agriculture_pct_gdp,16.7909423598037
2009,agriculture_pct_gdp,16.7442701563161
2010,agriculture_pct_gdp,17.0265090136912
2011,agriculture_pct_gdp,17.191973558015
2012,agriculture_pct_gdp,16.8453770661356
2013,agriculture_pct_gdp,17.1484235433697
2014,agriculture_pct_gdp,16.7919345145039
2015,agriculture_pct_gdp,16.1745081068401
2016,agriculture_pct_gdp,16.3638005616331
2017,agriculture_pct_gdp,16.5583314049368
2018,agriculture_pct_gdp,16.031630686449
2019,agriculture_pct_gdp,16.7555683032837
2020,agriculture_pct_gdp,18.6685376603727
2021,agriculture_pct_gdp,17.3725615260314
2022,agriculture_pct_gdp,18.2106659929942
2023,agriculture_pct_gdp,17.6565389328245
2024,agriculture_pct_gdp,17.5735799524173
2025,agriculture_pct_gdp,16.2342483910129
1960,exports_pct_gdp,4.46315645554752
1961,exports_pct_gdp,4.30358618999823
1962,exports_pct_gdp,4.16897528321772
1963,exports_pct_gdp,4.28050338490125
1964,exports_pct_gdp,3.72555117263129
1965,exports_pct_gdp,3.30747278088062
1966,exports_pct_gdp,4.14255065953483
1967,exports_pct_gdp,4.03444499534157
1968,exports_pct_gdp,4.03877100579767
1969,exports_pct_gdp,3.71384282048158
1970,exports_pct_gdp,3.78282506202996
1971,exports_pct_gdp,3.66720521706169
1972,exports_pct_gdp,4.02748926155276
1973,exports_pct_gdp,4.20876319232872
1974,exports_pct_gdp,4.83132100337
1975,exports_pct_gdp,5.64706215785578
1976,exports_pct_gdp,6.68651286166981
1977,exports_pct_gdp,6.38317181373801
1978,exports_pct_gdp,6.3148252345082
1979,exports_pct_gdp,6.74963815730053
1980,exports_pct_gdp,6.13955113216183
1981,exports_pct_gdp,5.93602662657806
1982,exports_pct_gdp,5.98329984863978
1983,exports_pct_gdp,5.83762942427856
1984,exports_pct_gdp,6.28340139288612
1985,exports_pct_gdp,5.25455499628708
1986,exports_pct_gdp,5.19622166035989
1987,exports_pct_gdp,5.60458088400396
1988,exports_pct_gdp,6.03521975491128
1989,exports_pct_gdp,7.01613027794311
1990,exports_pct_gdp,7.05335023414457
1991,exports_pct_gdp,8.49424077053547
1992,exports_pct_gdp,8.84292692502088
1993,exports_pct_gdp,9.83421745486326
1994,exports_pct_gdp,9.8880849164454
1995,exports_pct_gdp,10.8439680350622
1996,exports_pct_gdp,10.3851692716063
1997,exports_pct_gdp,10.690717318379
1998,exports_pct_gdp,11.0184691793102
1999,exports_pct_gdp,11.4520646128009
2000,exports_pct_gdp,12.9972363113479
2001,exports_pct_gdp,12.5583796339108
2002,exports_pct_gdp,14.2643839243147
2003,exports_pct_gdp,14.9479138581734
2004,exports_pct_gdp,17.8591249630479
2005,exports_pct_gdp,19.6052466948335
2006,exports_pct_gdp,21.2679414221966
2007,exports_pct_gdp,20.7996997489032
2008,exports_pct_gdp,24.0973572601391
2009,exports_pct_gdp,20.4005193743564
2010,exports_pct_gdp,22.4009332487945
2011,exports_pct_gdp,24.5404113195713
2012,exports_pct_gdp,24.534430661418
2013,exports_pct_gdp,25.430861300519
2014,exports_pct_gdp,22.9679630081172
2015,exports_pct_gdp,19.8131891564045
2016,exports_pct_gdp,19.1582349105946
2017,exports_pct_gdp,18.7917648392982
2018,exports_pct_gdp,19.9278285988562
2019,exports_pct_gdp,18.664264897257
2020,exports_pct_gdp,18.6824769296756
2021,exports_pct_gdp,21.3991583305515
2022,exports_pct_gdp,24.0401716365956
2023,exports_pct_gdp,22.354801966733
2024,exports_pct_gdp,22.0639816354399
2025,exports_pct_gdp,22.2630410669804
1970,fdi_inflow_pct_gdp,0.0728263243873017
1971,fdi_inflow_pct_gdp,0.0707631865417858
1972,fdi_inflow_pct_gdp,0.0248934085415096
1973,fdi_inflow_pct_gdp,0.0443300179876363
1974,fdi_inflow_pct_gdp,0.057240979881568
1975,fdi_inflow_pct_gdp,-0.0104862850298618
1976,fdi_inflow_pct_gdp,-0.00750262532831522
1977,fdi_inflow_pct_gdp,-0.0296822758224169
1978,fdi_inflow_pct_gdp,0.0131753054300397
1979,fdi_inflow_pct_gdp,0.0317460436775607
1980,fdi_inflow_pct_gdp,0.0424840892344642
1981,fdi_inflow_pct_gdp,0.0475059950934485
1982,fdi_inflow_pct_gdp,0.035911504129649
1983,fdi_inflow_pct_gdp,0.00258404858226026
1984,fdi_inflow_pct_gdp,0.00906872806015982
1985,fdi_inflow_pct_gdp,0.0456278399036275
1986,fdi_inflow_pct_gdp,0.0472837841556693
1987,fdi_inflow_pct_gdp,0.0760911990543139
1988,fdi_inflow_pct_gdp,0.0307664119671983
1989,fdi_inflow_pct_gdp,0.085156820591001
1990,fdi_inflow_pct_gdp,0.0737400205365026
1991,fdi_inflow_pct_gdp,0.0272255401825464
1992,fdi_inflow_pct_gdp,0.0959419487133591
1993,fdi_inflow_pct_gdp,0.197056426383431
1994,fdi_inflow_pct_gdp,0.297386581392873
1995,fdi_inflow_pct_gdp,0.594986329567616
1996,fdi_inflow_pct_gdp,0.617479351603705
1997,fdi_inflow_pct_gdp,0.860208959660141
1998,fdi_inflow_pct_gdp,0.625286204187864
1999,fdi_inflow_pct_gdp,0.472644191458928
2000,fdi_inflow_pct_gdp,0.765211694280817
2001,fdi_inflow_pct_gdp,1.05638020993358
2002,fdi_inflow_pct_gdp,1.01156946489919
2003,fdi_inflow_pct_gdp,0.605887857091792
2004,fdi_inflow_pct_gdp,0.765596855110284
2005,fdi_inflow_pct_gdp,0.886098378458823
2006,fdi_inflow_pct_gdp,2.13016842534495
2007,fdi_inflow_pct_gdp,2.07339404668754
2008,fdi_inflow_pct_gdp,3.6205232354017
2009,fdi_inflow_pct_gdp,2.65159033235479
2010,fdi_inflow_pct_gdp,1.6350340943491
2011,fdi_inflow_pct_gdp,2.0020634629993
2012,fdi_inflow_pct_gdp,1.31293453035323
2013,fdi_inflow_pct_gdp,1.5162764665975
2014,fdi_inflow_pct_gdp,1.69565958990806
2015,fdi_inflow_pct_gdp,2.09211521443253
2016,fdi_inflow_pct_gdp,1.9373641224439
2017,fdi_inflow_pct_gdp,1.50731583255894
2018,fdi_inflow_pct_gdp,1.55821483801456
2019,fdi_inflow_pct_gdp,1.78482633957161
2020,fdi_inflow_pct_gdp,2.40620322673636
2021,fdi_inflow_pct_gdp,1.41217101040888
2022,fdi_inflow_pct_gdp,1.53665241748393
2023,fdi_inflow_pct_gdp,0.802254995836756
2024,fdi_inflow_pct_gdp,0.721648483526777
2025,fdi_inflow_pct_gdp,0.988285383995246
1961,gdp_growth_pct,3.72274253269822
1962,gdp_growth_pct,2.93112773665958
1963,gdp_growth_pct,5.99435326095178
1964,gdp_growth_pct,7.45295012232975
1965,gdp_growth_pct,-2.63577010985361
1966,gdp_growth_pct,-0.0553287698318314
1967,gdp_growth_pct,7.82596303033105
1968,gdp_growth_pct,3.38792917600242
1969,gdp_growth_pct,6.53970029628042
1970,gdp_growth_pct,5.15722973608261
1971,gdp_growth_pct,1.64293038388766
1972,gdp_growth_pct,-0.553301312377712
1973,gdp_growth_pct,3.29552113522354
1974,gdp_growth_pct,1.18533626034039
1975,gdp_growth_pct,9.14991201480592
1976,gdp_growth_pct,1.66310363661279
1977,gdp_growth_pct,7.25476458583569
1978,gdp_growth_pct,5.71253208900188
1979,gdp_growth_pct,-5.2381827027895
1980,gdp_growth_pct,6.7358215279985
1981,gdp_growth_pct,6.00620362381767
1982,gdp_growth_pct,3.47573324031237
1983,gdp_growth_pct,7.28889290124586
1984,gdp_growth_pct,3.8207378559735
1985,gdp_growth_pct,5.25429922330889
1986,gdp_growth_pct,4.77656417048946
1987,gdp_growth_pct,3.96535563390576
1988,gdp_growth_pct,9.62778291984834
1989,gdp_growth_pct,5.94734332826503
1990,gdp_growth_pct,5.53345456306495
1991,gdp_growth_pct,1.05683143296179
1992,gdp_growth_pct,5.48239602167003
1993,gdp_growth_pct,4.7507762195799
1994,gdp_growth_pct,6.65892406747307
1995,gdp_growth_pct,7.57449184027195
1996,gdp_growth_pct,7.54952224888829
1997,gdp_growth_pct,4.04982084902483
1998,gdp_growth_pct,6.18441582080355
1999,gdp_growth_pct,8.84575556114116
2000,gdp_growth_pct,3.84099115686554
2001,gdp_growth_pct,4.82396626397303
2002,gdp_growth_pct,3.80397532120038
2003,gdp_growth_pct,7.86038147545045
2004,gdp_growth_pct,7.92293661307978
2005,gdp_growth_pct,7.92343062131789
2006,gdp_growth_pct,8.06073257305057
2007,gdp_growth_pct,7.66081506510766
2008,gdp_growth_pct,3.08669805950082
2009,gdp_growth_pct,7.8618888330338
2010,gdp_growth_pct,8.49758470165625
2011,gdp_growth_pct,5.24131620024293
2012,gdp_growth_pct,5.45638755164772
2013,gdp_growth_pct,6.38610640091713
2014,gdp_growth_pct,7.41022760516977
2015,gdp_growth_pct,7.99625378567987
2016,gdp_growth_pct,8.25630550176662
2017,gdp_growth_pct,6.79538341902422
2018,gdp_growth_pct,6.45385134495295
2019,gdp_growth_pct,3.87143694070524
2020,gdp_growth_pct,-5.77772470687303
2021,gdp_growth_pct,9.68959249191741
2022,gdp_growth_pct,7.6093649776932
2023,gdp_growth_pct,7.210224629335
2024,gdp_growth_pct,7.09927893176518
2025,gdp_growth_pct,7.56666179284244
1961,gdp_per_capita_growth_pct,1.26664879329974
1962,gdp_per_capita_growth_pct,0.518501927079271
1963,gdp_per_capita_growth_pct,3.53649105229069
1964,gdp_per_capita_growth_pct,4.96611887025713
1965,gdp_per_capita_growth_pct,-4.80310349882166
1966,gdp_per_capita_growth_pct,-2.17104368549663
1967,gdp_per_capita_growth_pct,5.53582268678396
1968,gdp_per_capita_growth_pct,1.19038521123345
1969,gdp_per_capita_growth_pct,4.31191269233454
1970,gdp_per_capita_growth_pct,2.84864261720234
1971,gdp_per_capita_growth_pct,-0.58483608965598
1972,gdp_per_capita_growth_pct,-2.7123915885177
1973,gdp_per_capita_growth_pct,0.996957418265112
1974,gdp_per_capita_growth_pct,-1.11546097149807
1975,gdp_per_capita_growth_pct,6.60232102685482
1976,gdp_per_capita_growth_pct,-0.700735579459177
1977,gdp_per_capita_growth_pct,4.75429678592927
1978,gdp_per_capita_growth_pct,3.306071277214
1979,gdp_per_capita_growth_pct,-7.41642471084822
1980,gdp_per_capita_growth_pct,4.22047070908258
1981,gdp_per_capita_growth_pct,3.54437832488188
1982,gdp_per_capita_growth_pct,1.08860680328846
1983,gdp_per_capita_growth_pct,4.80675111968445
1984,gdp_per_capita_growth_pct,1.41351916752743
1985,gdp_per_capita_growth_pct,2.83325352794432
1986,gdp_per_capita_growth_pct,2.38574323304699
1987,gdp_per_capita_growth_pct,1.62095076252291
1988,gdp_per_capita_growth_pct,7.18812238275834
1989,gdp_per_capita_growth_pct,3.60602407711301
1990,gdp_per_capita_growth_pct,3.2235163449005
1991,gdp_per_capita_growth_pct,-1.11028105492854
1992,gdp_per_capita_growth_pct,3.25939544134066
1993,gdp_per_capita_growth_pct,2.57408951922086
1994,gdp_per_capita_growth_pct,4.50057521206482
1995,gdp_per_capita_growth_pct,5.43070280521438
1996,gdp_per_capita_growth_pct,5.42226141029292
1997,gdp_per_capita_growth_pct,2.02374488927428
1998,gdp_per_capita_growth_pct,4.1484948564368
1999,gdp_per_capita_growth_pct,6.79504192639435
2000,gdp_per_capita_growth_pct,1.90763005843495
2001,gdp_per_capita_growth_pct,2.88134658113091
2002,gdp_per_capita_growth_pct,1.94070548523048
2003,gdp_per_capita_growth_pct,6.00579964269848
2004,gdp_per_capita_growth_pct,6.09996522556324
2005,gdp_per_capita_growth_pct,6.17702892470105
2006,gdp_per_capita_growth_pct,6.38367720990838
2007,gdp_per_capita_growth_pct,6.05160013553237
2008,gdp_per_capita_growth_pct,1.61413451730577
2009,gdp_per_capita_growth_pct,6.31340985810947
2010,gdp_per_capita_growth_pct,6.93079780360446
2011,gdp_per_capita_growth_pct,3.76074153231241
2012,gdp_per_capita_growth_pct,4.01726735834531
2013,gdp_per_capita_growth_pct,4.97769997299568
2014,gdp_per_capita_growth_pct,6.06398074170735
2015,gdp_per_capita_growth_pct,6.71566734636781
2016,gdp_per_capita_growth_pct,6.97394690926852
2017,gdp_per_capita_growth_pct,5.5611850346496
2018,gdp_per_capita_growth_pct,5.29211971912275
2019,gdp_per_capita_growth_pct,2.79675759966057
2020,gdp_per_capita_growth_pct,-6.69047102834244
2021,gdp_per_capita_growth_pct,8.79093447675136
2022,gdp_per_capita_growth_pct,6.76238601728318
2023,gdp_per_capita_growth_pct,6.26741791597422
2024,gdp_per_capita_growth_pct,6.14957446128288
2025,gdp_per_capita_growth_pct,6.6165688365585
1960,imports_pct_gdp,6.83367665684214
1961,imports_pct_gdp,5.95757640481098
1962,imports_pct_gdp,6.03181489602947
1963,imports_pct_gdp,5.906834458192
1964,imports_pct_gdp,5.68499774745833
1965,imports_pct_gdp,5.21156158863706
1966,imports_pct_gdp,6.67168685167188
1967,imports_pct_gdp,5.9466176727645
1968,imports_pct_gdp,4.94297346978222
1969,imports_pct_gdp,4.03093382296742
1970,imports_pct_gdp,3.87894427591553
1971,imports_pct_gdp,4.0024013413633
1972,imports_pct_gdp,3.7089103356951
1973,imports_pct_gdp,4.72333282644382
1974,imports_pct_gdp,6.02056925035338
1975,imports_pct_gdp,6.64691605612949
1976,imports_pct_gdp,6.11469021101389
1977,imports_pct_gdp,6.26492932381485
1978,imports_pct_gdp,6.58818660797672
1979,imports_pct_gdp,8.16916637407572
1980,imports_pct_gdp,9.24502571634426
1981,imports_pct_gdp,8.57123813504237
1982,imports_pct_gdp,8.14262790090769
1983,imports_pct_gdp,7.85296446260169
1984,imports_pct_gdp,7.72597455124279
1985,imports_pct_gdp,7.64548119786163
1986,imports_pct_gdp,7.02305023901268
1987,imports_pct_gdp,6.98023315167182
1988,imports_pct_gdp,7.45523036139042
1989,imports_pct_gdp,8.15200181272641
1990,imports_pct_gdp,8.45291127605198
1991,imports_pct_gdp,8.49348578059959
1992,imports_pct_gdp,9.59017211680717
1993,imports_pct_gdp,9.81732233160511
1994,imports_pct_gdp,10.1900594604801
1995,imports_pct_gdp,12.0234806711877
1996,imports_pct_gdp,11.5443185997804
1997,imports_pct_gdp,11.9286695486689
1998,imports_pct_gdp,12.6810008997545
1999,imports_pct_gdp,13.363533431492
2000,imports_pct_gdp,13.9036865990995
2001,imports_pct_gdp,13.4348751195257
2002,imports_pct_gdp,15.2442790107467
2003,imports_pct_gdp,15.6445222747346
2004,imports_pct_gdp,19.6446890963991
2005,imports_pct_gdp,22.3964229200356
2006,imports_pct_gdp,24.4565390770687
2007,imports_pct_gdp,24.8865689304448
2008,imports_pct_gdp,29.2708631790835
2009,imports_pct_gdp,25.8723502685274
2010,imports_pct_gdp,26.8542732486216
2011,imports_pct_gdp,31.0834686939585
2012,imports_pct_gdp,31.2592910673332
2013,imports_pct_gdp,28.4132706461587
2014,imports_pct_gdp,25.9542227389497
2015,imports_pct_gdp,22.1097247094602
2016,imports_pct_gdp,20.9242508026814
2017,imports_pct_gdp,21.9507321152243
2018,imports_pct_gdp,23.6891407335327
2019,imports_pct_gdp,21.2411386333872
2020,imports_pct_gdp,19.0756283996012
2021,imports_pct_gdp,24.0239304534931
2022,imports_pct_gdp,26.6577666392086
2023,imports_pct_gdp,23.9681500915008
2024,imports_pct_gdp,23.8527091324349
2025,imports_pct_gdp,24.0051596190103
1960,industry_pct_gdp,20.8343434545716
1961,industry_pct_gdp,21.4348439741111
1962,industry_pct_gdp,22.0526001363748
1963,industry_pct_gdp,21.8794758332279
1964,industry_pct_gdp,20.9552885443107
1965,industry_pct_gdp,21.6551050738054
1966,industry_pct_gdp,21.3866171713485
1967,industry_pct_gdp,20.089442878816
1968,industry_pct_gdp,20.6271156642435
1969,industry_pct_gdp,21.4174846344817
1970,industry_pct_gdp,21.7293092919549
1971,industry_pct_gdp,22.3920079066295
1972,industry_pct_gdp,22.4080025875816
1973,industry_pct_gdp,21.3482302903111
1974,industry_pct_gdp,22.6756933966727
1975,industry_pct_gdp,23.201252076254
1976,industry_pct_gdp,24.480523415356
1977,industry_pct_gdp,24.4002625422792
1978,industry_pct_gdp,25.3244196137718
1979,industry_pct_gdp,25.9922062250303
1980,industry_pct_gdp,25.3362458953649
1981,industry_pct_gdp,26.1029192063254
1982,industry_pct_gdp,26.149804786646
1983,industry_pct_gdp,26.2988432863343
1984,industry_pct_gdp,26.7391386534274
1985,industry_pct_gdp,26.6290712211673
1986,industry_pct_gdp,26.7308358205169
1987,industry_pct_gdp,26.6992365167194
1988,industry_pct_gdp,26.7115838158166
1989,industry_pct_gdp,27.5509934814251
1990,industry_pct_gdp,27.4536954957201
1991,industry_pct_gdp,26.4417201769254
1992,industry_pct_gdp,26.7927432696344
1993,industry_pct_gdp,26.7815542820739
1994,industry_pct_gdp,27.6282012473106
1995,industry_pct_gdp,28.5998094242024
1996,industry_pct_gdp,27.9122703698412
1997,industry_pct_gdp,27.8370307633106
1998,industry_pct_gdp,27.3030378517565
1999,industry_pct_gdp,26.5192933488596
2000,industry_pct_gdp,27.3258283775917
2001,industry_pct_gdp,26.4877773440307
2002,industry_pct_gdp,27.6606541607882
2003,industry_pct_gdp,27.4741071211988
2004,industry_pct_gdp,29.219106305293
2005,industry_pct_gdp,29.5337641914637
2006,industry_pct_gdp,30.9272399435883
2007,industry_pct_gdp,30.9032382510869
2008,industry_pct_gdp,31.1367192409548
2009,industry_pct_gdp,31.1213721116744
2010,industry_pct_gdp,30.7250782285817
2011,industry_pct_gdp,30.1616797630407
2012,industry_pct_gdp,29.3985276965289
2013,industry_pct_gdp,28.4048995600246
2014,industry_pct_gdp,27.6564012026443
2015,industry_pct_gdp,27.34739147794
2016,industry_pct_gdp,26.6189999399789
2017,industry_pct_gdp,26.5000166464804
2018,industry_pct_gdp,26.4120919013735
2019,industry_pct_gdp,24.5914753075066
2020,industry_pct_gdp,25.1229058078344
2021,industry_pct_gdp,26.466523606501
2022,industry_pct_gdp,25.6040259797277
2023,industry_pct_gdp,25.5525555206094
2024,industry_pct_gdp,25.1722625905927
2025,industry_pct_gdp,25.2049600095376
1960,inflation_cpi_pct,1.77987784677391
1961,inflation_cpi_pct,1.69521293914433
1962,inflation_cpi_pct,3.63221497106987
1963,inflation_cpi_pct,2.94616135685225
1964,inflation_cpi_pct,13.3552611508153
1965,inflation_cpi_pct,9.47475859170695
1966,inflation_cpi_pct,10.8018483489341
1967,inflation_cpi_pct,13.062202477797
1968,inflation_cpi_pct,3.23741242627507
1969,inflation_cpi_pct,-0.584136610466281
1970,inflation_cpi_pct,5.09226161997545
1971,inflation_cpi_pct,3.07993868406546
1972,inflation_cpi_pct,6.44209746158235
1973,inflation_cpi_pct,16.9408159791736
1974,inflation_cpi_pct,28.5987340775089
1975,inflation_cpi_pct,5.74843029767442
1976,inflation_cpi_pct,-7.63394763392881
1977,inflation_cpi_pct,8.30747009171166
1978,inflation_cpi_pct,2.52304875695179
1979,inflation_cpi_pct,6.27568336762338
1980,inflation_cpi_pct,11.3460734795095
1981,inflation_cpi_pct,13.112546897642
1982,inflation_cpi_pct,7.89074279377487
1983,inflation_cpi_pct,11.8680812986734
1984,inflation_cpi_pct,8.31890711860072
1985,inflation_cpi_pct,5.55642423236554
1986,inflation_cpi_pct,8.72972072702581
1987,inflation_cpi_pct,8.80112581251833
1988,inflation_cpi_pct,9.38347186185336
1989,inflation_cpi_pct,7.07428002942296
1990,inflation_cpi_pct,8.97123250273255
1991,inflation_cpi_pct,13.8702461773683
1992,inflation_cpi_pct,11.7878170418134
1993,inflation_cpi_pct,6.32689048779867
1994,inflation_cpi_pct,10.2479355556119
1995,inflation_cpi_pct,10.2248861637545
1996,inflation_cpi_pct,8.97715233826453
1997,inflation_cpi_pct,7.16425211462721
1998,inflation_cpi_pct,13.2308389767977
1999,inflation_cpi_pct,4.6698203803759
2000,inflation_cpi_pct,4.0094359104519
2001,inflation_cpi_pct,3.77929312235637
2002,inflation_cpi_pct,4.29715203929562
2003,inflation_cpi_pct,3.80585899528853
2004,inflation_cpi_pct,3.76725173477517
2005,inflation_cpi_pct,4.24634362031924
2006,inflation_cpi_pct,5.79652337561634
2007,inflation_cpi_pct,6.37288135593231
2008,inflation_cpi_pct,8.34926704907575
2009,inflation_cpi_pct,10.8823529411764
2010,inflation_cpi_pct,11.9893899204245
2011,inflation_cpi_pct,8.9117933648336
2012,inflation_cpi_pct,9.47899691419793
2013,inflation_cpi_pct,10.0178784746104
2014,inflation_cpi_pct,6.66565671867899
2015,inflation_cpi_pct,4.90697344127249
2016,inflation_cpi_pct,4.94821634062134
2017,inflation_cpi_pct,3.32817337461305
2018,inflation_cpi_pct,3.93882646691643
2019,inflation_cpi_pct,3.72950573539123
2020,inflation_cpi_pct,6.6234367762853
2021,inflation_cpi_pct,5.13140747176364
2022,inflation_cpi_pct,6.69903414079858
2023,inflation_cpi_pct,5.64914318907925
2024,inflation_cpi_pct,4.95303550973661
2025,inflation_cpi_pct,2.39884954182294
1960,services_pct_gdp,38.7824617546992
1961,services_pct_gdp,38.3258751959846
1962,services_pct_gdp,39.9358449722433
1963,services_pct_gdp,38.0951802993762
1964,services_pct_gdp,36.340821458647
1965,services_pct_gdp,37.4507381940725
1966,services_pct_gdp,36.4597966556112
1967,services_pct_gdp,34.6095555073409
1968,services_pct_gdp,35.054131363846
1969,services_pct_gdp,34.3058526097493
1970,services_pct_gdp,35.0468708624974
1971,services_pct_gdp,35.8036490825433
1972,services_pct_gdp,35.5216549188878
1973,services_pct_gdp,32.947705615035
1974,services_pct_gdp,33.6105959521083
1975,services_pct_gdp,35.1392413952858
1976,services_pct_gdp,35.8037232155147
1977,services_pct_gdp,34.6614496116454
1978,services_pct_gdp,34.9393647294725
1979,services_pct_gdp,35.5214147292532
1980,services_pct_gdp,33.8072587357083
1981,services_pct_gdp,33.8716186357614
1982,services_pct_gdp,34.8968372777428
1983,services_pct_gdp,34.5216006305407
1984,services_pct_gdp,35.4208160849618
1985,services_pct_gdp,36.1149997720489
1986,services_pct_gdp,36.9884678356446
1987,services_pct_gdp,37.4522794922894
1988,services_pct_gdp,36.7964455054322
1989,services_pct_gdp,37.2293979795496
1990,services_pct_gdp,37.0447851946481
1991,services_pct_gdp,37.7856900237179
1992,services_pct_gdp,37.9125681820607
1993,services_pct_gdp,38.4906849170226
1994,services_pct_gdp,37.4963023409284
1995,services_pct_gdp,37.8496681189619
1996,services_pct_gdp,37.709329473598
1997,services_pct_gdp,39.0795515246162
1998,services_pct_gdp,40.1325687271653
1999,services_pct_gdp,41.9657377868543
2000,services_pct_gdp,42.7329266435537
2001,services_pct_gdp,43.8089612621243
2002,services_pct_gdp,44.7288275521667
2003,services_pct_gdp,44.7046456542143
2004,services_pct_gdp,44.1148589722471
2005,services_pct_gdp,44.4429329227804
2006,services_pct_gdp,44.043235711462
2007,services_pct_gdp,44.0081579238245
2008,services_pct_gdp,45.8825499068249
2009,services_pct_gdp,45.9848828116978
2010,services_pct_gdp,45.0337495625601
2011,services_pct_gdp,45.4421452512796
2012,services_pct_gdp,46.3011472980511
2013,services_pct_gdp,46.6987147692338
2014,services_pct_gdp,47.8224137556558
2015,services_pct_gdp,47.7837481204463
2016,services_pct_gdp,47.7494012900074
2017,services_pct_gdp,47.6708899682407
2018,services_pct_gdp,48.4315663156522
2019,services_pct_gdp,50.0849578546822
2020,services_pct_gdp,47.9326881092162
2021,services_pct_gdp,47.8472234596709
2022,services_pct_gdp,47.1727519374304
2023,services_pct_gdp,47.5864648020094
2024,services_pct_gdp,47.9706270733631
2025,services_pct_gdp,49.337715077834
1960,trade_balance_pct_gdp,-2.37052020129462
1961,trade_balance_pct_gdp,-1.65399021481275
1962,trade_balance_pct_gdp,-1.86283961281175
1963,trade_balance_pct_gdp,-1.6263310732907499
1964,trade_balance_pct_gdp,-1.95944657482704
1965,trade_balance_pct_gdp,-1.9040888077564397
1966,trade_balance_pct_gdp,-2.5291361921370497
1967,trade_balance_pct_gdp,-1.9121726774229302
1968,trade_balance_pct_gdp,-0.9042024639845501
1969,trade_balance_pct_gdp,-0.31709100248583955
1970,trade_balance_pct_gdp,-0.09611921388556999
1971,trade_balance_pct_gdp,-0.33519612430161017
1972,trade_balance_pct_gdp,0.3185789258576599
1973,trade_balance_pct_gdp,-0.5145696341150998
1974,trade_balance_pct_gdp,-1.1892482469833796
1975,trade_balance_pct_gdp,-0.9998538982737104
1976,trade_balance_pct_gdp,0.5718226506559194
1977,trade_balance_pct_gdp,0.11824248992316022
1978,trade_balance_pct_gdp,-0.27336137346851963
1979,trade_balance_pct_gdp,-1.4195282167751904
1980,trade_balance_pct_gdp,-3.1054745841824305
1981,trade_balance_pct_gdp,-2.6352115084643097
1982,trade_balance_pct_gdp,-2.1593280522679104
1983,trade_balance_pct_gdp,-2.0153350383231308
1984,trade_balance_pct_gdp,-1.4425731583566703
1985,trade_balance_pct_gdp,-2.3909262015745503
1986,trade_balance_pct_gdp,-1.8268285786527905
1987,trade_balance_pct_gdp,-1.37565226766786
1988,trade_balance_pct_gdp,-1.4200106064791402
1989,trade_balance_pct_gdp,-1.1358715347832993
1990,trade_balance_pct_gdp,-1.3995610419074094
1991,trade_balance_pct_gdp,0.0007549899358796353
1992,trade_balance_pct_gdp,-0.7472451917862895
1993,trade_balance_pct_gdp,0.016895123258150235
1994,trade_balance_pct_gdp,-0.3019745440346995
1995,trade_balance_pct_gdp,-1.1795126361254997
1996,trade_balance_pct_gdp,-1.1591493281741005
1997,trade_balance_pct_gdp,-1.237952230289899
1998,trade_balance_pct_gdp,-1.6625317204442993
1999,trade_balance_pct_gdp,-1.9114688186911
2000,trade_balance_pct_gdp,-0.9064502877515999
2001,trade_balance_pct_gdp,-0.8764954856148996
2002,trade_balance_pct_gdp,-0.9798950864320002
2003,trade_balance_pct_gdp,-0.6966084165611992
2004,trade_balance_pct_gdp,-1.7855641333512011
2005,trade_balance_pct_gdp,-2.7911762252021006
2006,trade_balance_pct_gdp,-3.188597654872101
2007,trade_balance_pct_gdp,-4.086869181541598
2008,trade_balance_pct_gdp,-5.1735059189444
2009,trade_balance_pct_gdp,-5.471830894170999
2010,trade_balance_pct_gdp,-4.453339999827097
2011,trade_balance_pct_gdp,-6.5430573743872
2012,trade_balance_pct_gdp,-6.7248604059152015
2013,trade_balance_pct_gdp,-2.9824093456397023
2014,trade_balance_pct_gdp,-2.9862597308325007
2015,trade_balance_pct_gdp,-2.2965355530556977
2016,trade_balance_pct_gdp,-1.7660158920867985
2017,trade_balance_pct_gdp,-3.158967275926102
2018,trade_balance_pct_gdp,-3.7613121346765013
2019,trade_balance_pct_gdp,-2.576873736130203
2020,trade_balance_pct_gdp,-0.39315146992559846
2021,trade_balance_pct_gdp,-2.6247721229416
2022,trade_balance_pct_gdp,-2.617595002613001
2023,trade_balance_pct_gdp,-1.6133481247677999
2024,trade_balance_pct_gdp,-1.7887274969949978
2025,trade_balance_pct_gdp,-1.7421185520299005
1991,unemployment_pct,7.641
1992,unemployment_pct,7.649
1993,unemployment_pct,7.662
1994,unemployment_pct,7.593
1995,unemployment_pct,7.57
1996,unemployment_pct,7.537
1997,unemployment_pct,7.574
1998,unemployment_pct,7.596
1999,unemployment_pct,7.583
2000,unemployment_pct,7.589
2001,unemployment_pct,7.611
2002,unemployment_pct,7.681
2003,unemployment_pct,7.633
2004,unemployment_pct,7.598
2005,unemployment_pct,7.551
2006,unemployment_pct,7.553
2007,unemployment_pct,7.562
2008,unemployment_pct,7.629
2009,unemployment_pct,7.636
2010,unemployment_pct,7.631
2011,unemployment_pct,7.609
2012,unemployment_pct,7.645
2013,unemployment_pct,7.678
2014,unemployment_pct,7.656
2015,unemployment_pct,7.629
2016,unemployment_pct,7.611
2017,unemployment_pct,7.626
2018,unemployment_pct,7.652
2019,unemployment_pct,6.51
2020,unemployment_pct,7.859
2021,unemployment_pct,6.38
2022,unemployment_pct,4.822
2023,unemployment_pct,4.172
2024,unemployment_pct,4.173
2025,unemployment_pct,4.219
